web-scraper-order,web-scraper-start-url,News
"1701353037-1","https://timesofindia.indiatimes.com/2023/10/1/archivelist/year-2023,month-10,starttime-45200.cms","Cauvery Row | No relation between my film & the issue: Siddharth on press meet disruption"
"1701353037-2","https://timesofindia.indiatimes.com/2023/10/1/archivelist/year-2023,month-10,starttime-45200.cms","Being compared to mom, Malashree, is not a burden: Aradhanaa"
"1701353037-3","https://timesofindia.indiatimes.com/2023/10/1/archivelist/year-2023,month-10,starttime-45200.cms","Pahlaj Nihalani: Credit to actor Vishal for exposing the corruption, CBFC CEO is aware of everything and he is responsible - Exclusive"
"1701353037-4","https://timesofindia.indiatimes.com/2023/10/1/archivelist/year-2023,month-10,starttime-45200.cms","New York City's heavy rain is 'new normal' due to climate change, governor says"
"1701353037-5","https://timesofindia.indiatimes.com/2023/10/1/archivelist/year-2023,month-10,starttime-45200.cms","US government hours from shutdown, as lawmakers scrabble for solutions"
"1701353037-6","https://timesofindia.indiatimes.com/2023/10/1/archivelist/year-2023,month-10,starttime-45200.cms","Lightning strike kills two in Uttarakhand district"
"1701353037-7","https://timesofindia.indiatimes.com/2023/10/1/archivelist/year-2023,month-10,starttime-45200.cms","Amit Shah: In 10 years, India will be exporting key pharma ingredients"
"1701353037-8","https://timesofindia.indiatimes.com/2023/10/1/archivelist/year-2023,month-10,starttime-45200.cms","On the brink of a federal shutdown, the House passes a 45-day funding plan and sends it to Senate"
"1701353037-9","https://timesofindia.indiatimes.com/2023/10/1/archivelist/year-2023,month-10,starttime-45200.cms","Rajasthan: 18-Year-Old attacked while passing spot of bike collision"
"1701353037-10","https://timesofindia.indiatimes.com/2023/10/1/archivelist/year-2023,month-10,starttime-45200.cms","SAD leader and family nabbed in 40cr fraud"
"1701353037-11","https://timesofindia.indiatimes.com/2023/10/1/archivelist/year-2023,month-10,starttime-45200.cms","School bus runs over 3-year-old in MP"
"1701353037-12","https://timesofindia.indiatimes.com/2023/10/1/archivelist/year-2023,month-10,starttime-45200.cms","Women’s quota: RJD neta's 'lipstick' remark sparks row"
"1701353037-13","https://timesofindia.indiatimes.com/2023/10/1/archivelist/year-2023,month-10,starttime-45200.cms","Change imminent in Chhattisgarh as people are weary of Congress corruption: PM Modi"
"1701353037-14","https://timesofindia.indiatimes.com/2023/10/1/archivelist/year-2023,month-10,starttime-45200.cms","Two terrorists killed, infiltration bid foiled along LoC in Jammu and Kashmir’s Kupwara"
"1701353037-15","https://timesofindia.indiatimes.com/2023/10/1/archivelist/year-2023,month-10,starttime-45200.cms","Will go for caste census after Congress forms government at Centre: Rahul Gandhi"
"1701353037-16","https://timesofindia.indiatimes.com/2023/10/1/archivelist/year-2023,month-10,starttime-45200.cms","Safety of foreign diplomats of utmost importance, UK minister says, after India takes up ‘disgraceful incident’"
"1701353037-17","https://timesofindia.indiatimes.com/2023/10/1/archivelist/year-2023,month-10,starttime-45200.cms","Kumher Dalit massacre: 31 years on, 9 get life term for killing 16 Dalits in Rajasthan"
"1701353037-18","https://timesofindia.indiatimes.com/2023/10/1/archivelist/year-2023,month-10,starttime-45200.cms","NIA conducts raids over Rajouri terror attack"
"1701353037-19","https://timesofindia.indiatimes.com/2023/10/1/archivelist/year-2023,month-10,starttime-45200.cms","PM: Make 100 aspirational blocks inspirational in a year"
"1701353037-20","https://timesofindia.indiatimes.com/2023/10/1/archivelist/year-2023,month-10,starttime-45200.cms","Simple Kaul: I always do festive shopping from Delhi"
"1701353037-21","https://timesofindia.indiatimes.com/2023/10/1/archivelist/year-2023,month-10,starttime-45200.cms","Samira Koppikar: Indian music has always had depth, and the core of it is spiritual"
"1701353037-22","https://timesofindia.indiatimes.com/2023/10/1/archivelist/year-2023,month-10,starttime-45200.cms","'Let's not normalise what is happening in Canada': Jaishankar"
"1701353037-23","https://timesofindia.indiatimes.com/2023/10/1/archivelist/year-2023,month-10,starttime-45200.cms","India slams ‘disgraceful incident’ at Gurdwara, UK says places of worship must be open to all"
"1701353037-24","https://timesofindia.indiatimes.com/2023/10/1/archivelist/year-2023,month-10,starttime-45200.cms","Important to call out what is happening in Canada: EAM S Jaishankar"
"1701353037-25","https://timesofindia.indiatimes.com/2023/10/1/archivelist/year-2023,month-10,starttime-45200.cms","Ambitious IMEEC set to merge geopolitics and geoeconomics"
"1701353037-26","https://timesofindia.indiatimes.com/2023/10/1/archivelist/year-2023,month-10,starttime-45200.cms","Fake GPS signals sent 20 aircraft off course in Iranian airspace"
"1701353037-27","https://timesofindia.indiatimes.com/2023/10/1/archivelist/year-2023,month-10,starttime-45200.cms","Fake GPS signals sent 20 aircraft off course in Iranian airspace"
"1701353037-28","https://timesofindia.indiatimes.com/2023/10/1/archivelist/year-2023,month-10,starttime-45200.cms","Arnold Schwarzenegger's unconventional parenting tactics: From burning shoes to ice-cold showers!"
"1701353037-29","https://timesofindia.indiatimes.com/2023/10/1/archivelist/year-2023,month-10,starttime-45200.cms","Optical illusion: Only super vision can help you spot the dog among the daisy flowers"
"1701353037-30","https://timesofindia.indiatimes.com/2023/10/1/archivelist/year-2023,month-10,starttime-45200.cms","Finance ministry notifies 28% GST for online gaming"
"1701353037-31","https://timesofindia.indiatimes.com/2023/10/1/archivelist/year-2023,month-10,starttime-45200.cms","October 7 new deadline for surrendering 2,000 notes"
"1701353037-32","https://timesofindia.indiatimes.com/2023/10/1/archivelist/year-2023,month-10,starttime-45200.cms","US House passes bipartisan bill to avoid government shutdown"
"1701353037-33","https://timesofindia.indiatimes.com/2023/10/1/archivelist/year-2023,month-10,starttime-45200.cms","Where cricket was first played in India, 300 years ago"
"1701353037-34","https://timesofindia.indiatimes.com/2023/10/1/archivelist/year-2023,month-10,starttime-45200.cms","MoD’s new rules on disability pension spark political battle"
"1701353037-35","https://timesofindia.indiatimes.com/2023/10/1/archivelist/year-2023,month-10,starttime-45200.cms","No state-sponsored killings in encounters, UP tells SC"
"1701353037-36","https://timesofindia.indiatimes.com/2023/10/1/archivelist/year-2023,month-10,starttime-45200.cms","In Kota grind, some are trying hard to stem the tide of suicides"
"1701353037-37","https://timesofindia.indiatimes.com/2023/10/1/archivelist/year-2023,month-10,starttime-45200.cms","Woman sets fire to herself, 2 kids; her dad also dies in rescue bid"
"1701353037-38","https://timesofindia.indiatimes.com/2023/10/1/archivelist/year-2023,month-10,starttime-45200.cms","Nitish convoy stalls ambulance for one hour"
"1701353037-39","https://timesofindia.indiatimes.com/2023/10/1/archivelist/year-2023,month-10,starttime-45200.cms","Woman, minor used as sex slaves rescued"
"1701353037-40","https://timesofindia.indiatimes.com/2023/10/1/archivelist/year-2023,month-10,starttime-45200.cms","‘14-minute miracle’ to clean Vande trains"
"1701353037-41","https://timesofindia.indiatimes.com/2023/10/1/archivelist/year-2023,month-10,starttime-45200.cms","Probing killing of J&K minorities, NIA raids Rajouri village"
"1701353037-42","https://timesofindia.indiatimes.com/2023/10/1/archivelist/year-2023,month-10,starttime-45200.cms","Militants based abroad trying to foment trouble in Manipur, says NIA, arrests 1"
"1701353037-43","https://timesofindia.indiatimes.com/2023/10/1/archivelist/year-2023,month-10,starttime-45200.cms","Kerala train-arson accused self-radicalised lone-wolf attacker, says NIA in chargesheet"
"1701353037-44","https://timesofindia.indiatimes.com/2023/10/1/archivelist/year-2023,month-10,starttime-45200.cms","Bombay HC holds builder guilty of contempt, says he must serve 3 months’ jail, but stays sentence"
"1701353037-45","https://timesofindia.indiatimes.com/2023/10/1/archivelist/year-2023,month-10,starttime-45200.cms","With trial taking too long, HC gives double-murder accused bail"
"1701353037-46","https://timesofindia.indiatimes.com/2023/10/1/archivelist/year-2023,month-10,starttime-45200.cms","Review order, Karnataka urges Cauvery panel, may move SC"
"1701353037-47","https://timesofindia.indiatimes.com/2023/10/1/archivelist/year-2023,month-10,starttime-45200.cms","HC picks name for baby as parents fight over what it should be"
"1701353037-48","https://timesofindia.indiatimes.com/2023/10/1/archivelist/year-2023,month-10,starttime-45200.cms","We watch over 6,500 ads of junk food in a day, enforcement to stop them lax: report"
"1701353037-49","https://timesofindia.indiatimes.com/2023/10/1/archivelist/year-2023,month-10,starttime-45200.cms","Myths around mental health you need to stop believing"
"1701353037-50","https://timesofindia.indiatimes.com/2023/10/1/archivelist/year-2023,month-10,starttime-45200.cms","Ahead of ISL opener, Manolo Marquez welcomes pressure and expectations at FC Goa"
"1701353037-51","https://timesofindia.indiatimes.com/2023/10/1/archivelist/year-2023,month-10,starttime-45200.cms","LIC Housing Finance takes asset's symbolic possession"
"1701353037-52","https://timesofindia.indiatimes.com/2023/10/1/archivelist/year-2023,month-10,starttime-45200.cms","ISL has money but grassroots need it more: Manolo Marquez"
"1701353037-53","https://timesofindia.indiatimes.com/2023/10/1/archivelist/year-2023,month-10,starttime-45200.cms","Ex-Maoist couple surrenders 17 yrs after fleeing forest camp"
"1701353037-54","https://timesofindia.indiatimes.com/2023/10/1/archivelist/year-2023,month-10,starttime-45200.cms","Swachhata drives see hearty response amid downpour"
"1701353037-55","https://timesofindia.indiatimes.com/2023/10/1/archivelist/year-2023,month-10,starttime-45200.cms","Rains extend stay in the sunshine state"
"1701353037-56","https://timesofindia.indiatimes.com/2023/10/1/archivelist/year-2023,month-10,starttime-45200.cms","HC lays down when appellate court can reverse acquittal order"
"1701353037-57","https://timesofindia.indiatimes.com/2023/10/1/archivelist/year-2023,month-10,starttime-45200.cms","Nashik onion traders to continue stir till Centre withdraws 40% export duty order"
"1701353037-58","https://timesofindia.indiatimes.com/2023/10/1/archivelist/year-2023,month-10,starttime-45200.cms","‘Weather may cause grain fall, affect paddy harvest’"
"1701353037-59","https://timesofindia.indiatimes.com/2023/10/1/archivelist/year-2023,month-10,starttime-45200.cms","Assam, Meghalaya mull ‘neutral’ CRPF on border"
"1701353037-60","https://timesofindia.indiatimes.com/2023/10/1/archivelist/year-2023,month-10,starttime-45200.cms","Narrow escape for 5 occupants of car"
"1701353037-61","https://timesofindia.indiatimes.com/2023/10/1/archivelist/year-2023,month-10,starttime-45200.cms","Building roof collapses in Chinchinim market"
"1701353037-62","https://timesofindia.indiatimes.com/2023/10/1/archivelist/year-2023,month-10,starttime-45200.cms","As the rivers in Bicholim taluka swell, authorities swing into action"
"1701353037-63","https://timesofindia.indiatimes.com/2023/10/1/archivelist/year-2023,month-10,starttime-45200.cms","CM Sawant moots generating wealth out of waste, suggests individual buildings set up biogas plants"
"1701353037-64","https://timesofindia.indiatimes.com/2023/10/1/archivelist/year-2023,month-10,starttime-45200.cms","Just want to win the title with Goa: Rowllin Borges"
"1701353037-65","https://timesofindia.indiatimes.com/2023/10/1/archivelist/year-2023,month-10,starttime-45200.cms","Just want to win the title with Goa: Rowllin Borges"
"1701353037-66","https://timesofindia.indiatimes.com/2023/10/1/archivelist/year-2023,month-10,starttime-45200.cms","One booked for false birth certificate"
"1701353037-67","https://timesofindia.indiatimes.com/2023/10/1/archivelist/year-2023,month-10,starttime-45200.cms","Just want to win the title with Goa: Rowllin Borges"
"1701353037-68","https://timesofindia.indiatimes.com/2023/10/1/archivelist/year-2023,month-10,starttime-45200.cms","For 10th year, monsoon decides to leave Delhi after staying extra days"
"1701353037-69","https://timesofindia.indiatimes.com/2023/10/1/archivelist/year-2023,month-10,starttime-45200.cms","Arunachal hosting 2 sport events close to China border"
"1701353037-70","https://timesofindia.indiatimes.com/2023/10/1/archivelist/year-2023,month-10,starttime-45200.cms","Builder in Mumbai gets 3 months in civil prison, told to pay Rs 4 crore"
"1701353037-71","https://timesofindia.indiatimes.com/2023/10/1/archivelist/year-2023,month-10,starttime-45200.cms","Learning from Japan: CR cleans train at LTT in record 7 minutes"
"1701353037-72","https://timesofindia.indiatimes.com/2023/10/1/archivelist/year-2023,month-10,starttime-45200.cms","Congress MLA receives bail in two Nuh violence cases"
"1701353037-73","https://timesofindia.indiatimes.com/2023/10/1/archivelist/year-2023,month-10,starttime-45200.cms","Domestic natural gas prices up 7% on crude jolt"
"1701353037-74","https://timesofindia.indiatimes.com/2023/10/1/archivelist/year-2023,month-10,starttime-45200.cms","40-year-old woman doctor stabbed by ‘patient’ in Delhi clinic"
"1701353037-75","https://timesofindia.indiatimes.com/2023/10/1/archivelist/year-2023,month-10,starttime-45200.cms","Did Shivaji wield this 'wagh nakh'? Even museum unsure"
"1701353037-76","https://timesofindia.indiatimes.com/2023/10/1/archivelist/year-2023,month-10,starttime-45200.cms","Min's exchange offer: Two tigers if we can keep claws"
"1701353037-77","https://timesofindia.indiatimes.com/2023/10/1/archivelist/year-2023,month-10,starttime-45200.cms","If AQI touches 201 in Delhi, GRAP could be activated today"
"1701353037-78","https://timesofindia.indiatimes.com/2023/10/1/archivelist/year-2023,month-10,starttime-45200.cms","After two A-League titles, ISL provides new challenge to Paulo Retre"
"1701353037-79","https://timesofindia.indiatimes.com/2023/10/1/archivelist/year-2023,month-10,starttime-45200.cms","Rivers in spate, roads inundated as very heavy showers lash state"
"1701353037-80","https://timesofindia.indiatimes.com/2023/10/1/archivelist/year-2023,month-10,starttime-45200.cms","Rail traffic hit as goods train derails near Panvel"
"1701353037-81","https://timesofindia.indiatimes.com/2023/10/1/archivelist/year-2023,month-10,starttime-45200.cms","Fire at Girgaon high-rise; 27 rescued from bldg terrace"
"1701353037-82","https://timesofindia.indiatimes.com/2023/10/1/archivelist/year-2023,month-10,starttime-45200.cms","Delhi Rs 25 cr jewellery theft: A lone wolf who learned from each heist"
"1701353037-83","https://timesofindia.indiatimes.com/2023/10/1/archivelist/year-2023,month-10,starttime-45200.cms","Annual disclosure reports now must for med colleges"
"1701353037-84","https://timesofindia.indiatimes.com/2023/10/1/archivelist/year-2023,month-10,starttime-45200.cms","Army, IAF set to buy 156 more ‘Prachand’ light combat copters"
"1701353037-85","https://timesofindia.indiatimes.com/2023/10/1/archivelist/year-2023,month-10,starttime-45200.cms","6 dry days in Delhi from October to December: Excise dept"
"1701353037-86","https://timesofindia.indiatimes.com/2023/10/1/archivelist/year-2023,month-10,starttime-45200.cms","Excess water released from Anjunem dam"
"1701353037-87","https://timesofindia.indiatimes.com/2023/10/1/archivelist/year-2023,month-10,starttime-45200.cms","Gates opened at Opa barrage as Khandepar river level rises"
"1701353037-88","https://timesofindia.indiatimes.com/2023/10/1/archivelist/year-2023,month-10,starttime-45200.cms","Goa rains: Alerts pour over weekend, orange warning for today"
"1701353037-89","https://timesofindia.indiatimes.com/2023/10/1/archivelist/year-2023,month-10,starttime-45200.cms","Rain-induced landslide hits two houses at Sada, occupants safe but incur heavy losses"
"1701353037-90","https://timesofindia.indiatimes.com/2023/10/1/archivelist/year-2023,month-10,starttime-45200.cms","Cops track mobile to trace boy abducted from railway station in Secunderabad"
"1701353037-91","https://timesofindia.indiatimes.com/2023/10/1/archivelist/year-2023,month-10,starttime-45200.cms","PM Narendra Modi to launch projects worth Rs 13.5k crore in Telangana today"
"1701353037-92","https://timesofindia.indiatimes.com/2023/10/1/archivelist/year-2023,month-10,starttime-45200.cms","Weekly Horoscope, October 1 to October 7, 2023: Read weekly astrological predictions for all zodiac signs"
"1701353037-93","https://timesofindia.indiatimes.com/2023/10/1/archivelist/year-2023,month-10,starttime-45200.cms","Monthly Horoscope for October 2023: Astrological predictions for all zodiacs"
"1701353037-94","https://timesofindia.indiatimes.com/2023/10/1/archivelist/year-2023,month-10,starttime-45200.cms","Will AI kill the novel? I don’t think so. Unlike a good writer, it can’t surprise us: Author Vivek Shanbhag"
"1701353037-95","https://timesofindia.indiatimes.com/2023/10/1/archivelist/year-2023,month-10,starttime-45200.cms","Horoscope Today, October 1, 2023: Read your daily astrological predictions"
"1701353037-96","https://timesofindia.indiatimes.com/2023/10/1/archivelist/year-2023,month-10,starttime-45200.cms","Big Brother 25: Cameron nominates Mecole & Felicia in the ninth week of the show"
"1701353037-97","https://timesofindia.indiatimes.com/2023/10/1/archivelist/year-2023,month-10,starttime-45200.cms","Telangana HC lens on bid to usurp Rs 500 cr Paigah land with fake court orders"
"1701353037-98","https://timesofindia.indiatimes.com/2023/10/1/archivelist/year-2023,month-10,starttime-45200.cms","Telangana braces for more rains as monsoon withdrawal gets delayed"
"1701353037-99","https://timesofindia.indiatimes.com/2023/10/1/archivelist/year-2023,month-10,starttime-45200.cms","Seminar halls and discussion rooms in new 'mental gyms'"
"1701353037-100","https://timesofindia.indiatimes.com/2023/10/1/archivelist/year-2023,month-10,starttime-45200.cms","Telangana: ACB raids tahsildar's home, finds Rs 2 cr in trunk"
"1701353037-101","https://timesofindia.indiatimes.com/2023/10/1/archivelist/year-2023,month-10,starttime-45200.cms","'Anurager Chhowa' set for a musical extravaganza"
"1701353037-102","https://timesofindia.indiatimes.com/2023/10/1/archivelist/year-2023,month-10,starttime-45200.cms","UP: 11-yr-old rape survivor's blood-stained picture surfaces on social media"
"1701353037-103","https://timesofindia.indiatimes.com/2023/10/1/archivelist/year-2023,month-10,starttime-45200.cms","Hyderabad: Consumer forum slaps Rs 20,000 penalty on postal department for tampering with parcel"
"1701353037-104","https://timesofindia.indiatimes.com/2023/10/1/archivelist/year-2023,month-10,starttime-45200.cms","Husband, 5 family members booked for stripping woman, thrashing her in UP's Pilibhit"
"1701353037-105","https://timesofindia.indiatimes.com/2023/10/1/archivelist/year-2023,month-10,starttime-45200.cms","Class 8 student dies while cleaning overhead tank in Rajasthan's Bharatpur district"
"1701353037-106","https://timesofindia.indiatimes.com/2023/10/1/archivelist/year-2023,month-10,starttime-45200.cms","Pune: Woman, minor used as sex slaves rescued"
"1701353037-107","https://timesofindia.indiatimes.com/2023/10/1/archivelist/year-2023,month-10,starttime-45200.cms","Maharashtra: Now, property registration department masks fingerprints, Aadhaar numbers on sale deeds & rental agreements"
"1701353037-108","https://timesofindia.indiatimes.com/2023/10/1/archivelist/year-2023,month-10,starttime-45200.cms","A proud hat-trick! India's all 3 women centurion blood donors are from A'bad"
"1701353037-109","https://timesofindia.indiatimes.com/2023/10/1/archivelist/year-2023,month-10,starttime-45200.cms","Waiter arrested in Pune for taking rape survivor's belongings"
"1701353037-110","https://timesofindia.indiatimes.com/2023/10/1/archivelist/year-2023,month-10,starttime-45200.cms","Air Asia's Pune-Kolkata flight delayed by five hours"
"1701353037-111","https://timesofindia.indiatimes.com/2023/10/1/archivelist/year-2023,month-10,starttime-45200.cms","Fight between Nihangs ends in firing at Quami Morcha"
"1701353037-112","https://timesofindia.indiatimes.com/2023/10/1/archivelist/year-2023,month-10,starttime-45200.cms","Three hours of heavy rain floods Guwahati areas"
"1701353037-113","https://timesofindia.indiatimes.com/2023/10/1/archivelist/year-2023,month-10,starttime-45200.cms","Woman moves Gujarat HC to remove 'Baby' from birth certificate"
"1701353037-114","https://timesofindia.indiatimes.com/2023/10/1/archivelist/year-2023,month-10,starttime-45200.cms","Shivajinagar got significant rainfall in September, says weather expert"
"1701353037-115","https://timesofindia.indiatimes.com/2023/10/1/archivelist/year-2023,month-10,starttime-45200.cms","Met department's temperature outlook indicates warm October for Maharashtra"
"1701353037-116","https://timesofindia.indiatimes.com/2023/10/1/archivelist/year-2023,month-10,starttime-45200.cms","Ahmedabad cop gets month in jail for drinking on duty"
"1701353037-117","https://timesofindia.indiatimes.com/2023/10/1/archivelist/year-2023,month-10,starttime-45200.cms","Ticket agent cheats man of Rs 3.8 lakh, booked"
"1701353037-118","https://timesofindia.indiatimes.com/2023/10/1/archivelist/year-2023,month-10,starttime-45200.cms","Sinhagad Road murder: Victim faced several criminal cases"
"1701353037-119","https://timesofindia.indiatimes.com/2023/10/1/archivelist/year-2023,month-10,starttime-45200.cms","Property buyers to feel the heat as Karnataka govt ups guidance value 15-30%"
"1701353037-120","https://timesofindia.indiatimes.com/2023/10/1/archivelist/year-2023,month-10,starttime-45200.cms","Cauvery row: Karnataka files review plea with CWMA"
"1701353037-121","https://timesofindia.indiatimes.com/2023/10/1/archivelist/year-2023,month-10,starttime-45200.cms","Man who sent threat letters to Kannada intellectuals in custody"
"1701353037-122","https://timesofindia.indiatimes.com/2023/10/1/archivelist/year-2023,month-10,starttime-45200.cms","Lingayats distraught under Siddaramaiah: Karnataka Congress MLA"
"1701353037-123","https://timesofindia.indiatimes.com/2023/10/1/archivelist/year-2023,month-10,starttime-45200.cms","Man duped of Rs 45 lakh in Ahmedabad's Bapunagar"
"1701353037-124","https://timesofindia.indiatimes.com/2023/10/1/archivelist/year-2023,month-10,starttime-45200.cms","Earthquake offered lesson in disaster management: Pawar"
"1701353037-125","https://timesofindia.indiatimes.com/2023/10/1/archivelist/year-2023,month-10,starttime-45200.cms","Three workshops gutted on Dhayari-Nanded Road"
"1701353037-126","https://timesofindia.indiatimes.com/2023/10/1/archivelist/year-2023,month-10,starttime-45200.cms","Narcotics found in 20 parcels sent from abroad"
"1701353037-127","https://timesofindia.indiatimes.com/2023/10/1/archivelist/year-2023,month-10,starttime-45200.cms","Late burst cuts deficit in Kolkata, 59.8mm rain on last September day"
"1701353037-128","https://timesofindia.indiatimes.com/2023/10/1/archivelist/year-2023,month-10,starttime-45200.cms","19-year-old St Xavier's student dies in car crash on Maa flyover in Kolkata"
"1701353037-129","https://timesofindia.indiatimes.com/2023/10/1/archivelist/year-2023,month-10,starttime-45200.cms","Ahmedabad: 3 workers fall from 13th floor in Ghuma"
"1701353037-130","https://timesofindia.indiatimes.com/2023/10/1/archivelist/year-2023,month-10,starttime-45200.cms","Rainy day floods neighbourhoods in south Kol & pockets in north"
"1701353037-131","https://timesofindia.indiatimes.com/2023/10/1/archivelist/year-2023,month-10,starttime-45200.cms","Keep tabs on dengue ahead of pujas: West Bengal CM Mamata Banerjee"
"1701353037-132","https://timesofindia.indiatimes.com/2023/10/1/archivelist/year-2023,month-10,starttime-45200.cms","Kin found living with dead man in Kolkata"
"1701353037-133","https://timesofindia.indiatimes.com/2023/10/1/archivelist/year-2023,month-10,starttime-45200.cms","Homoeopath, wife shot dead by youth in Madhya Pradesh town"
"1701353037-134","https://timesofindia.indiatimes.com/2023/10/1/archivelist/year-2023,month-10,starttime-45200.cms","Friends, neighbours brave rain, stand in support of accident victim's family"
"1701353037-135","https://timesofindia.indiatimes.com/2023/10/1/archivelist/year-2023,month-10,starttime-45200.cms","Bengaluru: 'Fix 36 pain points to ease traffic on ORR & arterial roads'"
"1701353037-136","https://timesofindia.indiatimes.com/2023/10/1/archivelist/year-2023,month-10,starttime-45200.cms","After 31 yrs, 9 get life term, 41 let off in Dalit carnage in Raj"
"1701353037-137","https://timesofindia.indiatimes.com/2023/10/1/archivelist/year-2023,month-10,starttime-45200.cms","Gandhi Jayanti 2023 Speech Ideas for Students"
"1701353037-138","https://timesofindia.indiatimes.com/2023/10/1/archivelist/year-2023,month-10,starttime-45200.cms","Vighnaraja Sankashti Chaturthi Vrat 2023: Date, Timings, Rituals and Significance"
"1701353037-139","https://timesofindia.indiatimes.com/2023/10/1/archivelist/year-2023,month-10,starttime-45200.cms","Tension grips Jaipur's Walled City areas after 18-yr-old beaten to death"
"1701353037-140","https://timesofindia.indiatimes.com/2023/10/1/archivelist/year-2023,month-10,starttime-45200.cms","Over Rs 10 lakh stolen from ATM using gas cutter in Naigaon"
"1701353037-141","https://timesofindia.indiatimes.com/2023/10/1/archivelist/year-2023,month-10,starttime-45200.cms","Monkeys raid Chandivli homes, open fridges & wolf down food"
"1701353037-142","https://timesofindia.indiatimes.com/2023/10/1/archivelist/year-2023,month-10,starttime-45200.cms","Tamil Nadu: Woman sets self on fire, hugs 2 daughters, all die"
"1701353037-143","https://timesofindia.indiatimes.com/2023/10/1/archivelist/year-2023,month-10,starttime-45200.cms","Eight tourists dead as bus falls into gorge in Nilgirison Ooty-Mettupalayam ghat road"
"1701353037-144","https://timesofindia.indiatimes.com/2023/10/1/archivelist/year-2023,month-10,starttime-45200.cms","Aditya-L1 leaves ‘sphere of Earth’s influence’, navigating towards L1: Isro"
"1701353037-145","https://timesofindia.indiatimes.com/2023/10/1/archivelist/year-2023,month-10,starttime-45200.cms","BJP benefitted from AIADMK: Munusamy"
"1701353037-146","https://timesofindia.indiatimes.com/2023/10/1/archivelist/year-2023,month-10,starttime-45200.cms","Anxiety, depression high among children, says study"
"1701353037-147","https://timesofindia.indiatimes.com/2023/10/1/archivelist/year-2023,month-10,starttime-45200.cms","Gram sabha meeting across Tamil Nadu on October 2"
"1701353037-148","https://timesofindia.indiatimes.com/2023/10/1/archivelist/year-2023,month-10,starttime-45200.cms","Tuition teacher held for raping minor in Barmer"
"1701353037-149","https://timesofindia.indiatimes.com/2023/10/1/archivelist/year-2023,month-10,starttime-45200.cms","Saturn may've got the rings in recent crash of two moons"
"1701353037-150","https://timesofindia.indiatimes.com/2023/10/1/archivelist/year-2023,month-10,starttime-45200.cms","Two male tiger cubs missing from Sariska for two weeks"
"1701353037-151","https://timesofindia.indiatimes.com/2023/10/1/archivelist/year-2023,month-10,starttime-45200.cms","Musk slams migrants rescue operations by Germany"
"1701353037-152","https://timesofindia.indiatimes.com/2023/10/1/archivelist/year-2023,month-10,starttime-45200.cms","Mantri’s exchange offer: Two tigers if we can keep claws"
"1701353037-153","https://timesofindia.indiatimes.com/2023/10/1/archivelist/year-2023,month-10,starttime-45200.cms","Did Shivaji wield this ‘wagh nakh’? Even museum unsure"
"1701353037-154","https://timesofindia.indiatimes.com/2023/10/1/archivelist/year-2023,month-10,starttime-45200.cms","Superconductor at room temperature claim: Most authors seek retraction"
"1701353037-155","https://timesofindia.indiatimes.com/2023/10/1/archivelist/year-2023,month-10,starttime-45200.cms","Singapore jails crypto fund co-founder Su Zhu"
"1701353037-156","https://timesofindia.indiatimes.com/2023/10/1/archivelist/year-2023,month-10,starttime-45200.cms","Despite less rain Kharif acreage more than normal"
"1701353037-157","https://timesofindia.indiatimes.com/2023/10/1/archivelist/year-2023,month-10,starttime-45200.cms","US Navy to test SEALs for illicit drug use"
"1701353037-158","https://timesofindia.indiatimes.com/2023/10/1/archivelist/year-2023,month-10,starttime-45200.cms","Ukraine shoots down 30 'Shahed' drones made by Iran, sent by Russia"
"1701353037-159","https://timesofindia.indiatimes.com/2023/10/1/archivelist/year-2023,month-10,starttime-45200.cms","‘GPS jamming quite routine on long-haul flights, spoofing isn’t instantly apparent’"
"1701353037-160","https://timesofindia.indiatimes.com/2023/10/1/archivelist/year-2023,month-10,starttime-45200.cms","Karsevaks' kin to get spl invites for Ram temple consecration"
"1701353037-161","https://timesofindia.indiatimes.com/2023/10/1/archivelist/year-2023,month-10,starttime-45200.cms","With dip in crime, Uttar Pradesh CM Yogi Adityanath lauds top performing districts"
"1701353037-162","https://timesofindia.indiatimes.com/2023/10/1/archivelist/year-2023,month-10,starttime-45200.cms","Monsoon retreating, sporadic rain likely in UP"
"1701353037-163","https://timesofindia.indiatimes.com/2023/10/1/archivelist/year-2023,month-10,starttime-45200.cms","Breaking 4-year trend, monsoon ends with ‘below normal’ rainfall"
"1701353037-164","https://timesofindia.indiatimes.com/2023/10/1/archivelist/year-2023,month-10,starttime-45200.cms","Family protests after nurse hangs herself, cop suspended"
"1701353037-165","https://timesofindia.indiatimes.com/2023/10/1/archivelist/year-2023,month-10,starttime-45200.cms","Train runs over teen making reel along railway tracks in UP"
"1701353037-166","https://timesofindia.indiatimes.com/2023/10/1/archivelist/year-2023,month-10,starttime-45200.cms","Azerbaijan president avenges his father by taking Karabakh"
"1701353037-167","https://timesofindia.indiatimes.com/2023/10/1/archivelist/year-2023,month-10,starttime-45200.cms","Right-wing tanks stopgap bill, US govt stares at shutdown"
"1701353037-168","https://timesofindia.indiatimes.com/2023/10/1/archivelist/year-2023,month-10,starttime-45200.cms","Show ends for hanging gardens"
"1701353037-169","https://timesofindia.indiatimes.com/2023/10/1/archivelist/year-2023,month-10,starttime-45200.cms","FIA: Imran, Qureshi guilty in cipher case"
"1701353037-170","https://timesofindia.indiatimes.com/2023/10/1/archivelist/year-2023,month-10,starttime-45200.cms","Elon Musk slams migrants rescue operations by Germany"
"1701353037-171","https://timesofindia.indiatimes.com/2023/10/1/archivelist/year-2023,month-10,starttime-45200.cms","Himachal eyes pot of gold under grass"
"1701353037-172","https://timesofindia.indiatimes.com/2023/10/1/archivelist/year-2023,month-10,starttime-45200.cms","May annex more Ukrainian regions: Medvedev"
"1701353037-173","https://timesofindia.indiatimes.com/2023/10/1/archivelist/year-2023,month-10,starttime-45200.cms","Pope Francis creates 21 new cardinals"
"1701353037-174","https://timesofindia.indiatimes.com/2023/10/1/archivelist/year-2023,month-10,starttime-45200.cms","US Congress passes stopgap bill to avert government shutdown"
"1701353037-175","https://timesofindia.indiatimes.com/2023/10/1/archivelist/year-2023,month-10,starttime-45200.cms","Bihar registers 416 dengue cases, highest in single day"
"1701353037-176","https://timesofindia.indiatimes.com/2023/10/1/archivelist/year-2023,month-10,starttime-45200.cms","65-yr-old stabbed to death while chasing thief in Patna"
"1701353037-177","https://timesofindia.indiatimes.com/2023/10/1/archivelist/year-2023,month-10,starttime-45200.cms","Bihar: Murder accused dies at hospital"
"1701353037-178","https://timesofindia.indiatimes.com/2023/10/1/archivelist/year-2023,month-10,starttime-45200.cms","Wet dhotis, Satin shirts and pujor bhog"
"1701353037-179","https://timesofindia.indiatimes.com/2023/10/1/archivelist/year-2023,month-10,starttime-45200.cms","Your Daily Horoscope: 1st October, 2023"
"1701353037-180","https://timesofindia.indiatimes.com/2023/10/1/archivelist/year-2023,month-10,starttime-45200.cms","Disha Patani shares a scene from film MS Dhoni as she remembers Sushant Singh Rajput; says, ""We couldn’t say goodbye but i hope you’re happy and at peace"""
"1701353037-181","https://timesofindia.indiatimes.com/2023/10/1/archivelist/year-2023,month-10,starttime-45200.cms","Patna residents hail ban on diesel buses"
"1701353037-182","https://timesofindia.indiatimes.com/2023/10/1/archivelist/year-2023,month-10,starttime-45200.cms","Buffalo gobbles up gold chain, retrieved after surgery"
"1701353037-183","https://timesofindia.indiatimes.com/2023/10/1/archivelist/year-2023,month-10,starttime-45200.cms","Women's quota: Siddiqui's'lipstick' remark sparks row"
"1701353037-184","https://timesofindia.indiatimes.com/2023/10/1/archivelist/year-2023,month-10,starttime-45200.cms","Denied train, TMC takes protesters to Delhi on 50 buses for two rallies"
"1701353037-185","https://timesofindia.indiatimes.com/2023/10/1/archivelist/year-2023,month-10,starttime-45200.cms","Real Madrid take La Liga's top spot with dominant win over Girona"
"1701353037-186","https://timesofindia.indiatimes.com/2023/10/1/archivelist/year-2023,month-10,starttime-45200.cms","7 Andhra med students lose seat over fake certs"
"1701353037-187","https://timesofindia.indiatimes.com/2023/10/1/archivelist/year-2023,month-10,starttime-45200.cms","Ambulance with sick child stopped for an hour to let Bihar CM Nitish convoy pass"
"1701353037-188","https://timesofindia.indiatimes.com/2023/10/1/archivelist/year-2023,month-10,starttime-45200.cms","Why sanitary pad waste is a bloody big problem"
"1701353037-189","https://timesofindia.indiatimes.com/2023/10/1/archivelist/year-2023,month-10,starttime-45200.cms","Railways speeds up capex spending, plans roll out of Vande Bharat with sleeper coach in next Feb"
"1701353037-190","https://timesofindia.indiatimes.com/2023/10/1/archivelist/year-2023,month-10,starttime-45200.cms","Bayern Munich display resilience in 2-2 draw with RB Leipzig"
"1701353037-191","https://timesofindia.indiatimes.com/2023/10/1/archivelist/year-2023,month-10,starttime-45200.cms","Ujjain horror: FIR delayed as priority was to get girl treated first, say police"
"1701353037-192","https://timesofindia.indiatimes.com/2023/10/1/archivelist/year-2023,month-10,starttime-45200.cms","Red rot strikes: Sugarcane's 'cancer' detected in UP dists"
"1701353037-193","https://timesofindia.indiatimes.com/2023/10/1/archivelist/year-2023,month-10,starttime-45200.cms","Lightning strike kills 2 of family in Chamoli"
"1701353037-194","https://timesofindia.indiatimes.com/2023/10/1/archivelist/year-2023,month-10,starttime-45200.cms","East Bengal stun Hyderabad FC with late winner in thrilling 2-1 victory"
"1701353037-195","https://timesofindia.indiatimes.com/2023/10/1/archivelist/year-2023,month-10,starttime-45200.cms","Alia Bhatt and Sanjay Leela Bhansali spotted at the filmmaker's office, is a new collaboration in the offing? Pics inside"
"1701353037-196","https://timesofindia.indiatimes.com/2023/10/1/archivelist/year-2023,month-10,starttime-45200.cms","U'khand: Senior citizens on cycling adventure"
"1701353037-197","https://timesofindia.indiatimes.com/2023/10/1/archivelist/year-2023,month-10,starttime-45200.cms","Judges emphasise 'using technology for swift justice'"
"1701353037-198","https://timesofindia.indiatimes.com/2023/10/1/archivelist/year-2023,month-10,starttime-45200.cms","As we see it"
"1701353037-199","https://timesofindia.indiatimes.com/2023/10/1/archivelist/year-2023,month-10,starttime-45200.cms","Life imprisonment for 1 in constable murder case"
"1701353037-200","https://timesofindia.indiatimes.com/2023/10/1/archivelist/year-2023,month-10,starttime-45200.cms","Safety protocols go for a toss on CM's return"
"1701353037-201","https://timesofindia.indiatimes.com/2023/10/1/archivelist/year-2023,month-10,starttime-45200.cms","HC slams water, power cuts of IDPL residences"
"1701353037-202","https://timesofindia.indiatimes.com/2023/10/1/archivelist/year-2023,month-10,starttime-45200.cms","Jayarajan contradicts Govindan, says ED probe not politically motivated"
"1701353037-203","https://timesofindia.indiatimes.com/2023/10/1/archivelist/year-2023,month-10,starttime-45200.cms","Pramila Dandavate, pioneer of Women’s Reservation Bill"
"1701353037-204","https://timesofindia.indiatimes.com/2023/10/1/archivelist/year-2023,month-10,starttime-45200.cms","Power demand breaks records in Aug & Sept"
"1701353037-205","https://timesofindia.indiatimes.com/2023/10/1/archivelist/year-2023,month-10,starttime-45200.cms","No right turn from Pari Chowk, Noida Expressway traffic hits hurdle here"
"1701353037-206","https://timesofindia.indiatimes.com/2023/10/1/archivelist/year-2023,month-10,starttime-45200.cms","Saif Ali Khan dons a pink shirt as he attends niece Inaaya's birthday with sons Taimur and Jeh: see inside"
"1701353037-207","https://timesofindia.indiatimes.com/2023/10/1/archivelist/year-2023,month-10,starttime-45200.cms","Unauthorised sharing of Apna College course materials: Delhi HC issues orders to Google, Telegram and WhatsApp"
"1701353037-208","https://timesofindia.indiatimes.com/2023/10/1/archivelist/year-2023,month-10,starttime-45200.cms","Gurgaon: Man offers to promote Google page of physiotherapist, cons his patients"
"1701353037-209","https://timesofindia.indiatimes.com/2023/10/1/archivelist/year-2023,month-10,starttime-45200.cms","#InternationalCoffeeDay: Aromatic, nuanced: Filter kaapi is a true brew fave"
"1701353037-210","https://timesofindia.indiatimes.com/2023/10/1/archivelist/year-2023,month-10,starttime-45200.cms","So Expensive: Kriti Sanon's dramatic black leather dress comes with a staggering cost of Rs 5.84 lakh"
"1701353037-211","https://timesofindia.indiatimes.com/2023/10/1/archivelist/year-2023,month-10,starttime-45200.cms","Exploring the magical world of Roald Dahl through his writing style"
"1701353037-212","https://timesofindia.indiatimes.com/2023/10/1/archivelist/year-2023,month-10,starttime-45200.cms","Pressure brings out best in her: Coach of India's 'shooting star'"
"1701353037-213","https://timesofindia.indiatimes.com/2023/10/1/archivelist/year-2023,month-10,starttime-45200.cms","Pressure brings out best in her: Coach of India's 'shooting star'"
"1701353037-214","https://timesofindia.indiatimes.com/2023/10/1/archivelist/year-2023,month-10,starttime-45200.cms","Pressure brings out the best in her, says coach of India’s latest shooting star"
"1701353037-215","https://timesofindia.indiatimes.com/2023/10/1/archivelist/year-2023,month-10,starttime-45200.cms","3-year ban on students who drop out of MD/MS ayurveda courses"
"1701353037-216","https://timesofindia.indiatimes.com/2023/10/1/archivelist/year-2023,month-10,starttime-45200.cms","Lowest in 3 yrs, but rain in city still normal, says IMD"
"1701353037-217","https://timesofindia.indiatimes.com/2023/10/1/archivelist/year-2023,month-10,starttime-45200.cms","Meet deadlines or face action, MCG warns its contractors"
"1701353037-218","https://timesofindia.indiatimes.com/2023/10/1/archivelist/year-2023,month-10,starttime-45200.cms","Cong MLA gets bail in two cases linked to Nuh violence, but will remain in jail"
"1701353037-219","https://timesofindia.indiatimes.com/2023/10/1/archivelist/year-2023,month-10,starttime-45200.cms","ED money laundering case: Warrant against Cong MLA, two sons"
"1701353037-220","https://timesofindia.indiatimes.com/2023/10/1/archivelist/year-2023,month-10,starttime-45200.cms","Sanitation workers plan protest outside MLAs’ houses today"
"1701353037-221","https://timesofindia.indiatimes.com/2023/10/1/archivelist/year-2023,month-10,starttime-45200.cms","Fin head invests firm’s Rs 10cr in shares, booked"
"1701353037-222","https://timesofindia.indiatimes.com/2023/10/1/archivelist/year-2023,month-10,starttime-45200.cms","Noida to hold cleanliness drive today"
"1701353037-223","https://timesofindia.indiatimes.com/2023/10/1/archivelist/year-2023,month-10,starttime-45200.cms","ABVP man alleges attack in college; 2 held, 1 on the run"
"1701353037-224","https://timesofindia.indiatimes.com/2023/10/1/archivelist/year-2023,month-10,starttime-45200.cms","Entry fee of Dalit Prerna Sthal Rs 20 now"
"1701353037-225","https://timesofindia.indiatimes.com/2023/10/1/archivelist/year-2023,month-10,starttime-45200.cms","Man gets 10 yrs’ jail for ’12 bank heist"
"1701353037-226","https://timesofindia.indiatimes.com/2023/10/1/archivelist/year-2023,month-10,starttime-45200.cms","2 shooters hired by man to kill neighbour held after gun battle"
"1701353037-227","https://timesofindia.indiatimes.com/2023/10/1/archivelist/year-2023,month-10,starttime-45200.cms","Poetry to cultural events, schools set to promote Indian languages"
"1701353037-228","https://timesofindia.indiatimes.com/2023/10/1/archivelist/year-2023,month-10,starttime-45200.cms","State govt plans to make over asylums into ‘mental gyms’"
"1701353037-229","https://timesofindia.indiatimes.com/2023/10/1/archivelist/year-2023,month-10,starttime-45200.cms","Pvt firm to help YEIDA promote its policies"
"1701353037-230","https://timesofindia.indiatimes.com/2023/10/1/archivelist/year-2023,month-10,starttime-45200.cms","7 directors of construction co booked for duping 2 of Rs 3 crore"
"1701353037-231","https://timesofindia.indiatimes.com/2023/10/1/archivelist/year-2023,month-10,starttime-45200.cms","LS poll tickets: Uddhav holds first meet for Mumbai seats"
"1701353037-232","https://timesofindia.indiatimes.com/2023/10/1/archivelist/year-2023,month-10,starttime-45200.cms","Backbay plot: Lender takes action over unpaid Rs 570 crore"
"1701353037-233","https://timesofindia.indiatimes.com/2023/10/1/archivelist/year-2023,month-10,starttime-45200.cms","36% growth in sale of flats across top 7 cities: Report"
"1701353037-234","https://timesofindia.indiatimes.com/2023/10/1/archivelist/year-2023,month-10,starttime-45200.cms","Saudi woman’s purse picked; three arrested"
"1701353037-235","https://timesofindia.indiatimes.com/2023/10/1/archivelist/year-2023,month-10,starttime-45200.cms","MCOCA court acquits eight in firing case at bldr office"
"1701353037-236","https://timesofindia.indiatimes.com/2023/10/1/archivelist/year-2023,month-10,starttime-45200.cms","INDIA march against BJP policies on Gandhi Jayanti"
"1701353037-237","https://timesofindia.indiatimes.com/2023/10/1/archivelist/year-2023,month-10,starttime-45200.cms","Mumbai clinch Bapuna Cup"
"1701353037-238","https://timesofindia.indiatimes.com/2023/10/1/archivelist/year-2023,month-10,starttime-45200.cms","Oct 7 new deadline for surrendering ₹2,000 notes"
"1701353037-239","https://timesofindia.indiatimes.com/2023/10/1/archivelist/year-2023,month-10,starttime-45200.cms","Now, BMC takes off notices from Malabar Hill trees"
"1701353037-240","https://timesofindia.indiatimes.com/2023/10/1/archivelist/year-2023,month-10,starttime-45200.cms","Mumbai: School bus fares may go up due to rise in toll"
"1701353037-241","https://timesofindia.indiatimes.com/2023/10/1/archivelist/year-2023,month-10,starttime-45200.cms","20-ft-deep pit after manhole collapse"
"1701353037-242","https://timesofindia.indiatimes.com/2023/10/1/archivelist/year-2023,month-10,starttime-45200.cms","Aaditya & BJP-SS trade barbs over ‘foreign tours’"
"1701353037-243","https://timesofindia.indiatimes.com/2023/10/1/archivelist/year-2023,month-10,starttime-45200.cms","‘Khalistan news’: Digital media editor gets threats"
"1701353037-244","https://timesofindia.indiatimes.com/2023/10/1/archivelist/year-2023,month-10,starttime-45200.cms","25% of Mumbai deaths due to heart diseases in 2022: BMC"
"1701353037-245","https://timesofindia.indiatimes.com/2023/10/1/archivelist/year-2023,month-10,starttime-45200.cms","40 seats at stake, parties draw battle line in south Telangana"
"1701353037-246","https://timesofindia.indiatimes.com/2023/10/1/archivelist/year-2023,month-10,starttime-45200.cms","Gold smuggler flees with case papers, held"
"1701353037-247","https://timesofindia.indiatimes.com/2023/10/1/archivelist/year-2023,month-10,starttime-45200.cms","Accountant held for forging sign, duping firm of Rs 1.5 crore"
"1701353037-248","https://timesofindia.indiatimes.com/2023/10/1/archivelist/year-2023,month-10,starttime-45200.cms","Three boys held in harassment case in Vikhroli"
"1701353037-249","https://timesofindia.indiatimes.com/2023/10/1/archivelist/year-2023,month-10,starttime-45200.cms","Hosp discharges former minister"
"1701353037-250","https://timesofindia.indiatimes.com/2023/10/1/archivelist/year-2023,month-10,starttime-45200.cms","4 beat up man over religious chant, booked"
"1701353037-251","https://timesofindia.indiatimes.com/2023/10/1/archivelist/year-2023,month-10,starttime-45200.cms","CR gifts three new escalators to Mulund stn"
"1701353037-252","https://timesofindia.indiatimes.com/2023/10/1/archivelist/year-2023,month-10,starttime-45200.cms","BEST fleet depletion causes 45 min wait for commuters on some routes"
"1701353037-253","https://timesofindia.indiatimes.com/2023/10/1/archivelist/year-2023,month-10,starttime-45200.cms","No letter on nos. from Ajit to Guv: RTI reply"
"1701353037-254","https://timesofindia.indiatimes.com/2023/10/1/archivelist/year-2023,month-10,starttime-45200.cms","Scolded, teen runs away, sniffer dog rescues her"
"1701353037-255","https://timesofindia.indiatimes.com/2023/10/1/archivelist/year-2023,month-10,starttime-45200.cms","Bus conductor killed in e-way crash"
"1701353037-256","https://timesofindia.indiatimes.com/2023/10/1/archivelist/year-2023,month-10,starttime-45200.cms","Croma Road underpass is a water vent of rlys, not meant for vehicles"
"1701353037-257","https://timesofindia.indiatimes.com/2023/10/1/archivelist/year-2023,month-10,starttime-45200.cms","Cybercrooks swipe Rs 850 crore in 5,000 cases, land in Bengaluru police net"
"1701353037-258","https://timesofindia.indiatimes.com/2023/10/1/archivelist/year-2023,month-10,starttime-45200.cms","60cr allocated for dvpt works in Marathwada: CM"
"1701353037-259","https://timesofindia.indiatimes.com/2023/10/1/archivelist/year-2023,month-10,starttime-45200.cms","India, US see each other as very desirable, optimal, comfortable partners: EAM Jaishankar"
"1701353037-260","https://timesofindia.indiatimes.com/2023/10/1/archivelist/year-2023,month-10,starttime-45200.cms","India, US see each other as very desirable, optimal, comfortable partners: EAM Jaishankar"
"1701353037-261","https://timesofindia.indiatimes.com/2023/10/1/archivelist/year-2023,month-10,starttime-45200.cms","Pet trouble: Bengaluru woman lands with massive cyst in liver"
"1701353037-262","https://timesofindia.indiatimes.com/2023/10/1/archivelist/year-2023,month-10,starttime-45200.cms","GR med students get seats elsewhere"
"1701353037-263","https://timesofindia.indiatimes.com/2023/10/1/archivelist/year-2023,month-10,starttime-45200.cms","Grant of govt land: HC refuses to quash probe against MLA"
"1701353037-264","https://timesofindia.indiatimes.com/2023/10/1/archivelist/year-2023,month-10,starttime-45200.cms","Flyer booked for theft; bag returned to owner"
"1701353037-265","https://timesofindia.indiatimes.com/2023/10/1/archivelist/year-2023,month-10,starttime-45200.cms","Alliance with BJP: JD(S) Karnataka president hints at quitting party"
"1701353037-266","https://timesofindia.indiatimes.com/2023/10/1/archivelist/year-2023,month-10,starttime-45200.cms","Finally at peace with gender, transman tells his tale"
"1701353037-267","https://timesofindia.indiatimes.com/2023/10/1/archivelist/year-2023,month-10,starttime-45200.cms","Dell eyeing fresh B’luru investment"
"1701353037-268","https://timesofindia.indiatimes.com/2023/10/1/archivelist/year-2023,month-10,starttime-45200.cms","Chiranth, Manvith triumph in style"
"1701353037-269","https://timesofindia.indiatimes.com/2023/10/1/archivelist/year-2023,month-10,starttime-45200.cms","Vaibhav, Shreeya create meet records"
"1701353037-270","https://timesofindia.indiatimes.com/2023/10/1/archivelist/year-2023,month-10,starttime-45200.cms","Kishan ousts Akaash for maiden Nat’l title"
"1701353037-271","https://timesofindia.indiatimes.com/2023/10/1/archivelist/year-2023,month-10,starttime-45200.cms","Edu policy panel to submit report to govt in a week"
"1701353037-272","https://timesofindia.indiatimes.com/2023/10/1/archivelist/year-2023,month-10,starttime-45200.cms","Boy gets neck entangled in cradle, dies"
"1701353037-273","https://timesofindia.indiatimes.com/2023/10/1/archivelist/year-2023,month-10,starttime-45200.cms","TN launches module for fee payment to law officers"
"1701353037-274","https://timesofindia.indiatimes.com/2023/10/1/archivelist/year-2023,month-10,starttime-45200.cms","Bank celebrates Swachhata Hi Seva Campaign"
"1701353037-275","https://timesofindia.indiatimes.com/2023/10/1/archivelist/year-2023,month-10,starttime-45200.cms","Roof collapse: Fuel station manager held"
"1701353037-276","https://timesofindia.indiatimes.com/2023/10/1/archivelist/year-2023,month-10,starttime-45200.cms","Marathon for drug-free TN tomorrow"
"1701353037-277","https://timesofindia.indiatimes.com/2023/10/1/archivelist/year-2023,month-10,starttime-45200.cms","Chess tournament for visually impaired"
"1701353037-278","https://timesofindia.indiatimes.com/2023/10/1/archivelist/year-2023,month-10,starttime-45200.cms","AC blast: Woman and teen die of suffocation in Chennai's Ambattur"
"1701353037-279","https://timesofindia.indiatimes.com/2023/10/1/archivelist/year-2023,month-10,starttime-45200.cms","Gandhi film fest to begin today"
"1701353037-280","https://timesofindia.indiatimes.com/2023/10/1/archivelist/year-2023,month-10,starttime-45200.cms","Chennai: Transgender teachers shatter stereotypes in classrooms"
"1701353037-281","https://timesofindia.indiatimes.com/2023/10/1/archivelist/year-2023,month-10,starttime-45200.cms","Debating forum for law students launched"
"1701353037-282","https://timesofindia.indiatimes.com/2023/10/1/archivelist/year-2023,month-10,starttime-45200.cms","She Can fancied for Hyd event"
"1701353037-283","https://timesofindia.indiatimes.com/2023/10/1/archivelist/year-2023,month-10,starttime-45200.cms","61 dengue cases since Sept at Tambaram"
"1701353037-284","https://timesofindia.indiatimes.com/2023/10/1/archivelist/year-2023,month-10,starttime-45200.cms","Nemmeli desalination plant to begin trial run by Oct-end"
"1701353037-285","https://timesofindia.indiatimes.com/2023/10/1/archivelist/year-2023,month-10,starttime-45200.cms","City records 346 cases of dengue this year"
"1701353037-286","https://timesofindia.indiatimes.com/2023/10/1/archivelist/year-2023,month-10,starttime-45200.cms","City, neighbouring dists get excess rainfall; western and southern districts suffer deficit"
"1701353037-287","https://timesofindia.indiatimes.com/2023/10/1/archivelist/year-2023,month-10,starttime-45200.cms","First public fertility treatment centre with level-two care in TN"
"1701353037-288","https://timesofindia.indiatimes.com/2023/10/1/archivelist/year-2023,month-10,starttime-45200.cms","DMDK seeks governor’s intervention in Cauvery issue"
"1701353037-289","https://timesofindia.indiatimes.com/2023/10/1/archivelist/year-2023,month-10,starttime-45200.cms","M S Swaminathan cremated at Besant Nagar with state honours"
"1701353037-290","https://timesofindia.indiatimes.com/2023/10/1/archivelist/year-2023,month-10,starttime-45200.cms","All seats in Tamil Nadu medical colleges are alloted, barring seven"
"1701353037-291","https://timesofindia.indiatimes.com/2023/10/1/archivelist/year-2023,month-10,starttime-45200.cms","40 seats at stake, parties draw battle line in south Telangana"
"1701353037-292","https://timesofindia.indiatimes.com/2023/10/1/archivelist/year-2023,month-10,starttime-45200.cms","Annamalai to fly to New Delhi today to meet BJP bosses"
"1701353037-293","https://timesofindia.indiatimes.com/2023/10/1/archivelist/year-2023,month-10,starttime-45200.cms","Stalin urges party cadres to expose lies of BJP and AIADMK on social media"
"1701353037-294","https://timesofindia.indiatimes.com/2023/10/1/archivelist/year-2023,month-10,starttime-45200.cms","‘BRS should brace for backlash from Dalits’"
"1701353037-295","https://timesofindia.indiatimes.com/2023/10/1/archivelist/year-2023,month-10,starttime-45200.cms","State aims at 100% blood donation in govt centres: CM"
"1701353037-296","https://timesofindia.indiatimes.com/2023/10/1/archivelist/year-2023,month-10,starttime-45200.cms","Meet PM, Sonia and Rahul for Cauvery water: OPS to CM"
"1701353037-297","https://timesofindia.indiatimes.com/2023/10/1/archivelist/year-2023,month-10,starttime-45200.cms","If they throw stones at me, I’ll build a house: Governor’s jibe at BRS leaders"
"1701353037-298","https://timesofindia.indiatimes.com/2023/10/1/archivelist/year-2023,month-10,starttime-45200.cms","Chennai: Metrowater to study old sewer, water pipelines to stop cave-ins"
"1701353037-299","https://timesofindia.indiatimes.com/2023/10/1/archivelist/year-2023,month-10,starttime-45200.cms","Nick Jonas' September dump has UNSEEN captures of wife Priyanka Chopra and daughter Malti: see inside"
"1701353037-300","https://timesofindia.indiatimes.com/2023/10/1/archivelist/year-2023,month-10,starttime-45200.cms","Another IFS agent kills herself"
"1701353037-301","https://timesofindia.indiatimes.com/2023/10/1/archivelist/year-2023,month-10,starttime-45200.cms","Granules gets nod for hypertension drug"
"1701353037-302","https://timesofindia.indiatimes.com/2023/10/1/archivelist/year-2023,month-10,starttime-45200.cms","KTR: Cong warranty already expired & all its guarantees bogus"
"1701353037-303","https://timesofindia.indiatimes.com/2023/10/1/archivelist/year-2023,month-10,starttime-45200.cms","Woman cop falls to death in nala"
"1701353037-304","https://timesofindia.indiatimes.com/2023/10/1/archivelist/year-2023,month-10,starttime-45200.cms","Cong offers post in AICC & Khammam LS seat to Sharmila"
"1701353037-305","https://timesofindia.indiatimes.com/2023/10/1/archivelist/year-2023,month-10,starttime-45200.cms","TSCBC to hold study to assess social, economic status of BCs"
"1701353037-306","https://timesofindia.indiatimes.com/2023/10/1/archivelist/year-2023,month-10,starttime-45200.cms","3 farmers killed, 3 injured in lightning strikes in dists"
"1701353037-307","https://timesofindia.indiatimes.com/2023/10/1/archivelist/year-2023,month-10,starttime-45200.cms","Kavitha to deliver keynote at UK event"
"1701353037-308","https://timesofindia.indiatimes.com/2023/10/1/archivelist/year-2023,month-10,starttime-45200.cms","Kerala HC steps in as parents fight over kid’s name"
"1701353037-309","https://timesofindia.indiatimes.com/2023/10/1/archivelist/year-2023,month-10,starttime-45200.cms","City monuments lit up in pink for breast cancer awareness month"
"1701353037-310","https://timesofindia.indiatimes.com/2023/10/1/archivelist/year-2023,month-10,starttime-45200.cms","Azad Engg Ltd files DRHP for ₹740 crore IPO"
"1701353037-311","https://timesofindia.indiatimes.com/2023/10/1/archivelist/year-2023,month-10,starttime-45200.cms","PM to open Jaklair to Krishna railway line"
"1701353037-312","https://timesofindia.indiatimes.com/2023/10/1/archivelist/year-2023,month-10,starttime-45200.cms","In-form Gretsy looks good in main event"
"1701353037-313","https://timesofindia.indiatimes.com/2023/10/1/archivelist/year-2023,month-10,starttime-45200.cms","Hyd’s Q Mart forays into 24/7 stores"
"1701353037-314","https://timesofindia.indiatimes.com/2023/10/1/archivelist/year-2023,month-10,starttime-45200.cms","Mothkupally likely to quit ruling BRS"
"1701353037-315","https://timesofindia.indiatimes.com/2023/10/1/archivelist/year-2023,month-10,starttime-45200.cms","Duare Sarkar: 15L migrant workers logged in September"
"1701353037-316","https://timesofindia.indiatimes.com/2023/10/1/archivelist/year-2023,month-10,starttime-45200.cms","2BHK for kin of noted poet, photographer"
"1701353037-317","https://timesofindia.indiatimes.com/2023/10/1/archivelist/year-2023,month-10,starttime-45200.cms","Ration dealers’ commission hike comes into effect"
"1701353037-318","https://timesofindia.indiatimes.com/2023/10/1/archivelist/year-2023,month-10,starttime-45200.cms","Godrej Agrovet to invest ₹300 cr to set up palm oil complex in T"
"1701353037-319","https://timesofindia.indiatimes.com/2023/10/1/archivelist/year-2023,month-10,starttime-45200.cms","Compound archers hold the edge"
"1701353037-320","https://timesofindia.indiatimes.com/2023/10/1/archivelist/year-2023,month-10,starttime-45200.cms","60% pregnant women at risk of postpartum depression"
"1701353037-321","https://timesofindia.indiatimes.com/2023/10/1/archivelist/year-2023,month-10,starttime-45200.cms","Heritage walk chronicles horrors of 1908 Musi floods"
"1701353037-322","https://timesofindia.indiatimes.com/2023/10/1/archivelist/year-2023,month-10,starttime-45200.cms","Cops seize 250 kg ganja, 2 arrested"
"1701353037-323","https://timesofindia.indiatimes.com/2023/10/1/archivelist/year-2023,month-10,starttime-45200.cms","From Tamil Cinema's Villainous Charmer to Television's Timeless Chocolate Hero: Here's everything about Bigg Boss Tamil 7 Contestant Babloo Prithiveeraj"
"1701353037-324","https://timesofindia.indiatimes.com/2023/10/1/archivelist/year-2023,month-10,starttime-45200.cms","HCA elections to be held on Oct 20"
"1701353037-325","https://timesofindia.indiatimes.com/2023/10/1/archivelist/year-2023,month-10,starttime-45200.cms","KMC school kids get books as gift"
"1701353037-326","https://timesofindia.indiatimes.com/2023/10/1/archivelist/year-2023,month-10,starttime-45200.cms","E-filing services at HC from October 3"
"1701353037-327","https://timesofindia.indiatimes.com/2023/10/1/archivelist/year-2023,month-10,starttime-45200.cms","Punish corrupt officers before asking for fund, BJP tells state"
"1701353037-328","https://timesofindia.indiatimes.com/2023/10/1/archivelist/year-2023,month-10,starttime-45200.cms","Aman Raj clinches 2nd title of season"
"1701353037-329","https://timesofindia.indiatimes.com/2023/10/1/archivelist/year-2023,month-10,starttime-45200.cms","Child sale: Charge sheet submitted"
"1701353037-330","https://timesofindia.indiatimes.com/2023/10/1/archivelist/year-2023,month-10,starttime-45200.cms","TMC hits back after guv’s ‘violence’ barb"
"1701353037-331","https://timesofindia.indiatimes.com/2023/10/1/archivelist/year-2023,month-10,starttime-45200.cms","Showers wash away airport approach road repairs, open up huge craters"
"1701353037-332","https://timesofindia.indiatimes.com/2023/10/1/archivelist/year-2023,month-10,starttime-45200.cms","Delphini wins with authority"
"1701353037-333","https://timesofindia.indiatimes.com/2023/10/1/archivelist/year-2023,month-10,starttime-45200.cms","Students write to PM to stop plastic manufacture"
"1701353037-334","https://timesofindia.indiatimes.com/2023/10/1/archivelist/year-2023,month-10,starttime-45200.cms","Cleiton helps EB rally to beat HFC"
"1701353037-335","https://timesofindia.indiatimes.com/2023/10/1/archivelist/year-2023,month-10,starttime-45200.cms","Monsoon ends with 6% deficiency"
"1701353037-336","https://timesofindia.indiatimes.com/2023/10/1/archivelist/year-2023,month-10,starttime-45200.cms","Puja parcel fraud: Cyber crooks target women"
"1701353037-337","https://timesofindia.indiatimes.com/2023/10/1/archivelist/year-2023,month-10,starttime-45200.cms","Material science all set to create wonders in future: Dr Manjooran"
"1701353037-338","https://timesofindia.indiatimes.com/2023/10/1/archivelist/year-2023,month-10,starttime-45200.cms","Lingering fever delays discharge of dengue patients, clogs hosp beds"
"1701353037-339","https://timesofindia.indiatimes.com/2023/10/1/archivelist/year-2023,month-10,starttime-45200.cms","The thrills and challenges of making tribute sequels to masters’ cult films"
"1701353037-340","https://timesofindia.indiatimes.com/2023/10/1/archivelist/year-2023,month-10,starttime-45200.cms","AIESL MRO to get another Kuwait Airways plane"
"1701353037-341","https://timesofindia.indiatimes.com/2023/10/1/archivelist/year-2023,month-10,starttime-45200.cms","After rallies, rain plays spoilsport for shoppers, sellers ahead of puja"
"1701353037-342","https://timesofindia.indiatimes.com/2023/10/1/archivelist/year-2023,month-10,starttime-45200.cms","‘Despite being Maratha, Danve got OBC cert’"
"1701353037-343","https://timesofindia.indiatimes.com/2023/10/1/archivelist/year-2023,month-10,starttime-45200.cms","Durga Puja art gets global touch"
"1701353037-344","https://timesofindia.indiatimes.com/2023/10/1/archivelist/year-2023,month-10,starttime-45200.cms","Flood damage halts physical classes at LAD College, repair work to continue for another two weeks"
"1701353037-345","https://timesofindia.indiatimes.com/2023/10/1/archivelist/year-2023,month-10,starttime-45200.cms","GMCH conducts seminar on World Suicide Prevention Day"
"1701353037-346","https://timesofindia.indiatimes.com/2023/10/1/archivelist/year-2023,month-10,starttime-45200.cms","Watch on flights after threat"
"1701353037-347","https://timesofindia.indiatimes.com/2023/10/1/archivelist/year-2023,month-10,starttime-45200.cms","Ran Mangli Foundation wins tourism award"
"1701353037-348","https://timesofindia.indiatimes.com/2023/10/1/archivelist/year-2023,month-10,starttime-45200.cms","Wanted in three states, ex-Maoist couple surrenders 17 yrs after fleeing forest camp"
"1701353037-349","https://timesofindia.indiatimes.com/2023/10/1/archivelist/year-2023,month-10,starttime-45200.cms","38-yr-old SRPF staffer killed in road accident"
"1701353037-350","https://timesofindia.indiatimes.com/2023/10/1/archivelist/year-2023,month-10,starttime-45200.cms","Jet speed in skies, 10kmph crawl below"
"1701353037-351","https://timesofindia.indiatimes.com/2023/10/1/archivelist/year-2023,month-10,starttime-45200.cms","Tumour that left man hungry all the time removed without a cut"
"1701353037-352","https://timesofindia.indiatimes.com/2023/10/1/archivelist/year-2023,month-10,starttime-45200.cms","Man in live-in with MIL refuses to let wife remarry"
"1701353037-353","https://timesofindia.indiatimes.com/2023/10/1/archivelist/year-2023,month-10,starttime-45200.cms","12 hurt as tin shed collapses under watchers’ weight"
"1701353037-354","https://timesofindia.indiatimes.com/2023/10/1/archivelist/year-2023,month-10,starttime-45200.cms","Rahul’s rally ‘failed’ on first day: Sarang"
"1701353037-355","https://timesofindia.indiatimes.com/2023/10/1/archivelist/year-2023,month-10,starttime-45200.cms","OBCs declare end of stir post DyCM’s visit"
"1701353037-356","https://timesofindia.indiatimes.com/2023/10/1/archivelist/year-2023,month-10,starttime-45200.cms","Retd Armyman shoots dead wife after tiff"
"1701353037-357","https://timesofindia.indiatimes.com/2023/10/1/archivelist/year-2023,month-10,starttime-45200.cms","Deshpande was a multifaceted personality, says justice Gavai"
"1701353037-358","https://timesofindia.indiatimes.com/2023/10/1/archivelist/year-2023,month-10,starttime-45200.cms","Buffalo gobbles up gold chain, retrieved after op"
"1701353037-359","https://timesofindia.indiatimes.com/2023/10/1/archivelist/year-2023,month-10,starttime-45200.cms","Apple acknowledges iPhone 15 heating ‘issue’, fix is on the way"
"1701353037-360","https://timesofindia.indiatimes.com/2023/10/1/archivelist/year-2023,month-10,starttime-45200.cms","Starc sends Dutchmen flying"
"1701353037-361","https://timesofindia.indiatimes.com/2023/10/1/archivelist/year-2023,month-10,starttime-45200.cms","Vid gets 57% excess rainfall in Sept"
"1701353037-362","https://timesofindia.indiatimes.com/2023/10/1/archivelist/year-2023,month-10,starttime-45200.cms","NMC collects 178.2 tonnes of nirmalya"
"1701353037-363","https://timesofindia.indiatimes.com/2023/10/1/archivelist/year-2023,month-10,starttime-45200.cms","Delhi records second lowest avg AQI since 2018 in past 9 months"
"1701353037-364","https://timesofindia.indiatimes.com/2023/10/1/archivelist/year-2023,month-10,starttime-45200.cms","Why the ODI needs this World Cup"
"1701353037-365","https://timesofindia.indiatimes.com/2023/10/1/archivelist/year-2023,month-10,starttime-45200.cms","Pilgrims, bizmen to Ajmer and Pushkar get direct flight from city"
"1701353037-366","https://timesofindia.indiatimes.com/2023/10/1/archivelist/year-2023,month-10,starttime-45200.cms","Man gets life-term for killing wife"
"1701353037-367","https://timesofindia.indiatimes.com/2023/10/1/archivelist/year-2023,month-10,starttime-45200.cms","Godrej strikes another land deal, buys 109 acres near Samruddhi"
"1701353037-368","https://timesofindia.indiatimes.com/2023/10/1/archivelist/year-2023,month-10,starttime-45200.cms","‘Use knowledge for greater good’"
"1701353037-369","https://timesofindia.indiatimes.com/2023/10/1/archivelist/year-2023,month-10,starttime-45200.cms","Wings of wonder mesmerize Bhopal"
"1701353037-370","https://timesofindia.indiatimes.com/2023/10/1/archivelist/year-2023,month-10,starttime-45200.cms","Yeh dil maange more, says Bhopal"
"1701353037-371","https://timesofindia.indiatimes.com/2023/10/1/archivelist/year-2023,month-10,starttime-45200.cms","Hotel manager held for flesh trade racket"
"1701353037-372","https://timesofindia.indiatimes.com/2023/10/1/archivelist/year-2023,month-10,starttime-45200.cms","Van Vihar draws record daily turnout of 20000"
"1701353037-373","https://timesofindia.indiatimes.com/2023/10/1/archivelist/year-2023,month-10,starttime-45200.cms","Hotels around lake overflow as early birds get the view"
"1701353037-374","https://timesofindia.indiatimes.com/2023/10/1/archivelist/year-2023,month-10,starttime-45200.cms","SHGs to get 1400 scooties: CM"
"1701353037-375","https://timesofindia.indiatimes.com/2023/10/1/archivelist/year-2023,month-10,starttime-45200.cms","Bank made to pay borrower 2.65L"
"1701353037-376","https://timesofindia.indiatimes.com/2023/10/1/archivelist/year-2023,month-10,starttime-45200.cms","Elderly voters to be felicitated today"
"1701353037-377","https://timesofindia.indiatimes.com/2023/10/1/archivelist/year-2023,month-10,starttime-45200.cms","Gold smuggler flees from DRI custody, held"
"1701353037-378","https://timesofindia.indiatimes.com/2023/10/1/archivelist/year-2023,month-10,starttime-45200.cms","Schoobus runs over 3-yr-old in Rewa village"
"1701353037-379","https://timesofindia.indiatimes.com/2023/10/1/archivelist/year-2023,month-10,starttime-45200.cms","Southwest monsoon withdraws from state"
"1701353037-380","https://timesofindia.indiatimes.com/2023/10/1/archivelist/year-2023,month-10,starttime-45200.cms","Youth held for rape, extorting neighbour"
"1701353037-381","https://timesofindia.indiatimes.com/2023/10/1/archivelist/year-2023,month-10,starttime-45200.cms","A’bad, Surat defend team titles in TT tourney"
"1701353037-382","https://timesofindia.indiatimes.com/2023/10/1/archivelist/year-2023,month-10,starttime-45200.cms","Damaged cells force officials to shift women’s prison inmates to other jails"
"1701353037-383","https://timesofindia.indiatimes.com/2023/10/1/archivelist/year-2023,month-10,starttime-45200.cms","Big ‘Bull’ Warner is ticking"
"1701353037-384","https://timesofindia.indiatimes.com/2023/10/1/archivelist/year-2023,month-10,starttime-45200.cms","Panchayat training institute to be named after PM Modi"
"1701353037-385","https://timesofindia.indiatimes.com/2023/10/1/archivelist/year-2023,month-10,starttime-45200.cms","Attack accused to move SC for bail"
"1701353037-386","https://timesofindia.indiatimes.com/2023/10/1/archivelist/year-2023,month-10,starttime-45200.cms","‘Goa-Kerala should partner for tourism’"
"1701353037-387","https://timesofindia.indiatimes.com/2023/10/1/archivelist/year-2023,month-10,starttime-45200.cms","Cops bust online betting racket, 11 bookies arrested"
"1701353037-388","https://timesofindia.indiatimes.com/2023/10/1/archivelist/year-2023,month-10,starttime-45200.cms","Shah: In 10 years, India will export APIs, KSMs"
"1701353037-389","https://timesofindia.indiatimes.com/2023/10/1/archivelist/year-2023,month-10,starttime-45200.cms","Shah launches works worth 1,651 cr"
"1701353037-390","https://timesofindia.indiatimes.com/2023/10/1/archivelist/year-2023,month-10,starttime-45200.cms","Andhra varsity to soon release notification to fill 528 positions"
"1701353037-391","https://timesofindia.indiatimes.com/2023/10/1/archivelist/year-2023,month-10,starttime-45200.cms","Sanghavi promises safety"
"1701353037-392","https://timesofindia.indiatimes.com/2023/10/1/archivelist/year-2023,month-10,starttime-45200.cms","After 5 months, 3 held for murder"
"1701353037-393","https://timesofindia.indiatimes.com/2023/10/1/archivelist/year-2023,month-10,starttime-45200.cms","AMC puts out guidelines on percolation wells"
"1701353037-394","https://timesofindia.indiatimes.com/2023/10/1/archivelist/year-2023,month-10,starttime-45200.cms","India’s rocket hero Prof Praful Bhavsar no more"
"1701353037-395","https://timesofindia.indiatimes.com/2023/10/1/archivelist/year-2023,month-10,starttime-45200.cms","Govt to start checking food quality for festivals"
"1701353037-396","https://timesofindia.indiatimes.com/2023/10/1/archivelist/year-2023,month-10,starttime-45200.cms","AU welcomes 1st year students"
"1701353037-397","https://timesofindia.indiatimes.com/2023/10/1/archivelist/year-2023,month-10,starttime-45200.cms","Brace for a hotter, wetter city with each passing year"
"1701353037-398","https://timesofindia.indiatimes.com/2023/10/1/archivelist/year-2023,month-10,starttime-45200.cms","Cryptocurrency used for payment"
"1701353037-399","https://timesofindia.indiatimes.com/2023/10/1/archivelist/year-2023,month-10,starttime-45200.cms","3 convicted for atrocities, bid to ‘convert’ national-level shooter"
"1701353037-400","https://timesofindia.indiatimes.com/2023/10/1/archivelist/year-2023,month-10,starttime-45200.cms","CM to inaugurate Infosys office"
"1701353037-401","https://timesofindia.indiatimes.com/2023/10/1/archivelist/year-2023,month-10,starttime-45200.cms","Rera imposes ₹42,000 fine on Vizag builder"
"1701353037-402","https://timesofindia.indiatimes.com/2023/10/1/archivelist/year-2023,month-10,starttime-45200.cms","Women quota among top Cong priorities"
"1701353037-403","https://timesofindia.indiatimes.com/2023/10/1/archivelist/year-2023,month-10,starttime-45200.cms","Rahul slams ton in Hyderabad win"
"1701353037-404","https://timesofindia.indiatimes.com/2023/10/1/archivelist/year-2023,month-10,starttime-45200.cms","SEC quashes disqualification of Chitarpur block head"
"1701353037-405","https://timesofindia.indiatimes.com/2023/10/1/archivelist/year-2023,month-10,starttime-45200.cms","200 more AP schools to get ‘Bendapudi tongue’"
"1701353037-406","https://timesofindia.indiatimes.com/2023/10/1/archivelist/year-2023,month-10,starttime-45200.cms","SS cadets clear UPSC exam"
"1701353037-407","https://timesofindia.indiatimes.com/2023/10/1/archivelist/year-2023,month-10,starttime-45200.cms","Ajsu-P seeks mass support for land record-based policies"
"1701353037-408","https://timesofindia.indiatimes.com/2023/10/1/archivelist/year-2023,month-10,starttime-45200.cms","GVMC aerial seeding tomorrow"
"1701353037-409","https://timesofindia.indiatimes.com/2023/10/1/archivelist/year-2023,month-10,starttime-45200.cms","Andhra Pradesh posts 13% deficient rainfall this monsoon"
"1701353037-410","https://timesofindia.indiatimes.com/2023/10/1/archivelist/year-2023,month-10,starttime-45200.cms","Andhra Pradesh posts 13% deficient rainfall this monsoon"
"1701353037-411","https://timesofindia.indiatimes.com/2023/10/1/archivelist/year-2023,month-10,starttime-45200.cms","W Bengal experts called in to chase away elephants"
"1701353037-412","https://timesofindia.indiatimes.com/2023/10/1/archivelist/year-2023,month-10,starttime-45200.cms","Man arrested for murder in Vizag"
"1701353037-413","https://timesofindia.indiatimes.com/2023/10/1/archivelist/year-2023,month-10,starttime-45200.cms","Malls and shopping centres in JSR to host ‘Vishwakarma galleries’"
"1701353037-414","https://timesofindia.indiatimes.com/2023/10/1/archivelist/year-2023,month-10,starttime-45200.cms","Empty box washed up on Vizag beach"
"1701353037-415","https://timesofindia.indiatimes.com/2023/10/1/archivelist/year-2023,month-10,starttime-45200.cms","Four Bengal workers feared dead in Dhanbad illegal mine collapse"
"1701353037-416","https://timesofindia.indiatimes.com/2023/10/1/archivelist/year-2023,month-10,starttime-45200.cms","Post Sriharikota visit, students aspire to be space scientists"
"1701353037-417","https://timesofindia.indiatimes.com/2023/10/1/archivelist/year-2023,month-10,starttime-45200.cms","In a first, Jharkhand priests to get ₹5L health insurance"
"1701353037-418","https://timesofindia.indiatimes.com/2023/10/1/archivelist/year-2023,month-10,starttime-45200.cms","Minor Chatra boy beats acute liver disease"
"1701353037-419","https://timesofindia.indiatimes.com/2023/10/1/archivelist/year-2023,month-10,starttime-45200.cms","5 arrested for murder of 30-year-old"
"1701353037-420","https://timesofindia.indiatimes.com/2023/10/1/archivelist/year-2023,month-10,starttime-45200.cms","CM may commission Medha dairy plant in Palamu on Oct 4"
"1701353037-421","https://timesofindia.indiatimes.com/2023/10/1/archivelist/year-2023,month-10,starttime-45200.cms","26% deficient rainfall in state this monsoon"
"1701353037-422","https://timesofindia.indiatimes.com/2023/10/1/archivelist/year-2023,month-10,starttime-45200.cms","Undertrial jumps from Gaghidih jail building, dies"
"1701353037-423","https://timesofindia.indiatimes.com/2023/10/1/archivelist/year-2023,month-10,starttime-45200.cms","CM lays foundation stone for 27 projects"
"1701353037-424","https://timesofindia.indiatimes.com/2023/10/1/archivelist/year-2023,month-10,starttime-45200.cms","JSR health dept teams up with IMA docs to better fight dengue menace"
"1701353037-425","https://timesofindia.indiatimes.com/2023/10/1/archivelist/year-2023,month-10,starttime-45200.cms","Five years on, girls’ football team of Pakur awaits ₹50k prize money"
"1701353037-426","https://timesofindia.indiatimes.com/2023/10/1/archivelist/year-2023,month-10,starttime-45200.cms","Startups bank on creativity to charm local, global customers"
"1701353037-427","https://timesofindia.indiatimes.com/2023/10/1/archivelist/year-2023,month-10,starttime-45200.cms","Liquor bottles tumble out of toppled car"
"1701353037-428","https://timesofindia.indiatimes.com/2023/10/1/archivelist/year-2023,month-10,starttime-45200.cms","Two nabbed for attack on BSL GM"
"1701353037-429","https://timesofindia.indiatimes.com/2023/10/1/archivelist/year-2023,month-10,starttime-45200.cms","Muda to develop Bommenahalli Layout in partnership with farmers"
"1701353037-430","https://timesofindia.indiatimes.com/2023/10/1/archivelist/year-2023,month-10,starttime-45200.cms","Protest against jumbo menace"
"1701353037-431","https://timesofindia.indiatimes.com/2023/10/1/archivelist/year-2023,month-10,starttime-45200.cms","Row over election for Dumka college teachers’ representative"
"1701353037-432","https://timesofindia.indiatimes.com/2023/10/1/archivelist/year-2023,month-10,starttime-45200.cms","Students join ‘Swachhta Hi Seva Abhiyan’, to clean school, roads"
"1701353037-433","https://timesofindia.indiatimes.com/2023/10/1/archivelist/year-2023,month-10,starttime-45200.cms","Mass cleanliness drive today"
"1701353037-434","https://timesofindia.indiatimes.com/2023/10/1/archivelist/year-2023,month-10,starttime-45200.cms","Youth drowns while immersing idol"
"1701353037-435","https://timesofindia.indiatimes.com/2023/10/1/archivelist/year-2023,month-10,starttime-45200.cms","Production halts at Raj-owned PEKB coal mine in Chhattisgarh"
"1701353037-436","https://timesofindia.indiatimes.com/2023/10/1/archivelist/year-2023,month-10,starttime-45200.cms","Majority of women fruit, veggie vendors in Ranchi face harassment"
"1701353037-437","https://timesofindia.indiatimes.com/2023/10/1/archivelist/year-2023,month-10,starttime-45200.cms","Metro to connect Indore with Ujjain, Pithampur: CM"
"1701353037-438","https://timesofindia.indiatimes.com/2023/10/1/archivelist/year-2023,month-10,starttime-45200.cms","Two tennikoit players from Raipur to represent India"
"1701353037-439","https://timesofindia.indiatimes.com/2023/10/1/archivelist/year-2023,month-10,starttime-45200.cms","Indoreans to volunteer in one-hour sanitation drive"
"1701353037-440","https://timesofindia.indiatimes.com/2023/10/1/archivelist/year-2023,month-10,starttime-45200.cms","ITI set to add short term courses to bridge skill gap"
"1701353037-441","https://timesofindia.indiatimes.com/2023/10/1/archivelist/year-2023,month-10,starttime-45200.cms","Guntur sports academy selections from Oct 3"
"1701353037-442","https://timesofindia.indiatimes.com/2023/10/1/archivelist/year-2023,month-10,starttime-45200.cms","Cauvery row: Protests intensify in Mandya following panel order"
"1701353037-443","https://timesofindia.indiatimes.com/2023/10/1/archivelist/year-2023,month-10,starttime-45200.cms","Traffic leads to chaos in Mussoorie"
"1701353037-444","https://timesofindia.indiatimes.com/2023/10/1/archivelist/year-2023,month-10,starttime-45200.cms","Pawan to begin 4th phase of yatra in Krishna today"
"1701353037-445","https://timesofindia.indiatimes.com/2023/10/1/archivelist/year-2023,month-10,starttime-45200.cms","Local industries eye rebound in exports"
"1701353037-446","https://timesofindia.indiatimes.com/2023/10/1/archivelist/year-2023,month-10,starttime-45200.cms","Srirangapatna Dasara from October 16"
"1701353037-447","https://timesofindia.indiatimes.com/2023/10/1/archivelist/year-2023,month-10,starttime-45200.cms","Specify steps taken to curb noise pollution: HC directs chief secy"
"1701353037-448","https://timesofindia.indiatimes.com/2023/10/1/archivelist/year-2023,month-10,starttime-45200.cms","Neemuch gets several investment proposals"
"1701353037-449","https://timesofindia.indiatimes.com/2023/10/1/archivelist/year-2023,month-10,starttime-45200.cms","Elephant calf found dead in Korba mud pit"
"1701353037-450","https://timesofindia.indiatimes.com/2023/10/1/archivelist/year-2023,month-10,starttime-45200.cms","SI, VRO, and surveyor land in ACB net"
"1701353037-451","https://timesofindia.indiatimes.com/2023/10/1/archivelist/year-2023,month-10,starttime-45200.cms","Single-tusk elephant found dead"
"1701353037-452","https://timesofindia.indiatimes.com/2023/10/1/archivelist/year-2023,month-10,starttime-45200.cms","Class 6 girl student hangs self in Ajmer"
"1701353037-453","https://timesofindia.indiatimes.com/2023/10/1/archivelist/year-2023,month-10,starttime-45200.cms","E-waste drive conducted at NIT-R"
"1701353037-454","https://timesofindia.indiatimes.com/2023/10/1/archivelist/year-2023,month-10,starttime-45200.cms","Price of Rajamudi rice skyrockets"
"1701353037-455","https://timesofindia.indiatimes.com/2023/10/1/archivelist/year-2023,month-10,starttime-45200.cms","Bodies to flag candidates with anti-Dalit history"
"1701353037-456","https://timesofindia.indiatimes.com/2023/10/1/archivelist/year-2023,month-10,starttime-45200.cms","Woman stabber nabbed in Gujarat"
"1701353037-457","https://timesofindia.indiatimes.com/2023/10/1/archivelist/year-2023,month-10,starttime-45200.cms","Lokesh gets CID notice in IRR case"
"1701353037-458","https://timesofindia.indiatimes.com/2023/10/1/archivelist/year-2023,month-10,starttime-45200.cms","1st year MBBS student complains of ‘ragging’"
"1701353037-459","https://timesofindia.indiatimes.com/2023/10/1/archivelist/year-2023,month-10,starttime-45200.cms","Bizman held for GST fraud of ₹5.53 cr in Raipur"
"1701353037-460","https://timesofindia.indiatimes.com/2023/10/1/archivelist/year-2023,month-10,starttime-45200.cms","Rural devpt dept urges Centre to revise NREGA labour budget"
"1701353037-461","https://timesofindia.indiatimes.com/2023/10/1/archivelist/year-2023,month-10,starttime-45200.cms","Former bureaucrats form ‘Citizens for Democracy’ forum"
"1701353037-462","https://timesofindia.indiatimes.com/2023/10/1/archivelist/year-2023,month-10,starttime-45200.cms","CJ inaugurates first aid clinic at Dantewada court"
"1701353037-463","https://timesofindia.indiatimes.com/2023/10/1/archivelist/year-2023,month-10,starttime-45200.cms","Nobel laureate launches 1st global youth summit in Raj"
"1701353037-464","https://timesofindia.indiatimes.com/2023/10/1/archivelist/year-2023,month-10,starttime-45200.cms","Birla unveils synthetic track in Bundi, sixth in state"
"1701353037-465","https://timesofindia.indiatimes.com/2023/10/1/archivelist/year-2023,month-10,starttime-45200.cms","Experts blame lack of farmer awareness for tomato price fall"
"1701353037-466","https://timesofindia.indiatimes.com/2023/10/1/archivelist/year-2023,month-10,starttime-45200.cms","Gehlot is Cong’s CM face in Raj: Party observer Desai"
"1701353037-467","https://timesofindia.indiatimes.com/2023/10/1/archivelist/year-2023,month-10,starttime-45200.cms","Minor raped by auto driver in Krishna"
"1701353037-468","https://timesofindia.indiatimes.com/2023/10/1/archivelist/year-2023,month-10,starttime-45200.cms","Shutdown to repair leakages mandatory to save water: Engrs"
"1701353037-469","https://timesofindia.indiatimes.com/2023/10/1/archivelist/year-2023,month-10,starttime-45200.cms","Energy officials meet CS over power supply"
"1701353037-470","https://timesofindia.indiatimes.com/2023/10/1/archivelist/year-2023,month-10,starttime-45200.cms","Woman kills daughter, self"
"1701353037-471","https://timesofindia.indiatimes.com/2023/10/1/archivelist/year-2023,month-10,starttime-45200.cms","Clues scarce over 18-yr-old’s murder motive"
"1701353037-472","https://timesofindia.indiatimes.com/2023/10/1/archivelist/year-2023,month-10,starttime-45200.cms","Students group under Op Sadbhavna visits Jaipur"
"1701353037-473","https://timesofindia.indiatimes.com/2023/10/1/archivelist/year-2023,month-10,starttime-45200.cms","Poshan Maah, an effort to push nutritious food items"
"1701353037-474","https://timesofindia.indiatimes.com/2023/10/1/archivelist/year-2023,month-10,starttime-45200.cms","Schools in winter mode, new timing from Oct 1"
"1701353037-475","https://timesofindia.indiatimes.com/2023/10/1/archivelist/year-2023,month-10,starttime-45200.cms","EC stresses on error-free electoral roll, strict check on poll expense"
"1701353037-476","https://timesofindia.indiatimes.com/2023/10/1/archivelist/year-2023,month-10,starttime-45200.cms","Five managers suspended in Jaisalmer dist"
"1701353037-477","https://timesofindia.indiatimes.com/2023/10/1/archivelist/year-2023,month-10,starttime-45200.cms","Raveena Tandon reveals she has told her daughters everything about her past, shares it is 'an open book for them'"
"1701353037-478","https://timesofindia.indiatimes.com/2023/10/1/archivelist/year-2023,month-10,starttime-45200.cms","BJP leaders visiting Raj as they failed to topple Cong govt: CM"
"1701353037-479","https://timesofindia.indiatimes.com/2023/10/1/archivelist/year-2023,month-10,starttime-45200.cms","Board to give suggestions to govt for Khatik body"
"1701353037-480","https://timesofindia.indiatimes.com/2023/10/1/archivelist/year-2023,month-10,starttime-45200.cms","Five including head constable caught with 15 lakh of FICN"
"1701353037-481","https://timesofindia.indiatimes.com/2023/10/1/archivelist/year-2023,month-10,starttime-45200.cms","Vets call off protest after meeting CM"
"1701353037-482","https://timesofindia.indiatimes.com/2023/10/1/archivelist/year-2023,month-10,starttime-45200.cms","2 arrested for house break-in"
"1701353037-483","https://timesofindia.indiatimes.com/2023/10/1/archivelist/year-2023,month-10,starttime-45200.cms","Last chance for MU admission"
"1701353037-484","https://timesofindia.indiatimes.com/2023/10/1/archivelist/year-2023,month-10,starttime-45200.cms","Jealously a risk factor for heart ailment: Expert"
"1701353037-485","https://timesofindia.indiatimes.com/2023/10/1/archivelist/year-2023,month-10,starttime-45200.cms","BJP: Profit-making bodies’ cash diverted to fund govt schemes"
"1701353037-486","https://timesofindia.indiatimes.com/2023/10/1/archivelist/year-2023,month-10,starttime-45200.cms","Pending salaries may credit next week"
"1701353037-487","https://timesofindia.indiatimes.com/2023/10/1/archivelist/year-2023,month-10,starttime-45200.cms","PHED completes repair work in 7 hours, supply from today"
"1701353037-488","https://timesofindia.indiatimes.com/2023/10/1/archivelist/year-2023,month-10,starttime-45200.cms","Yoga camp"
"1701353037-489","https://timesofindia.indiatimes.com/2023/10/1/archivelist/year-2023,month-10,starttime-45200.cms","RGHS: Beneficiaries can’t give cashless treatment to in-laws"
"1701353037-490","https://timesofindia.indiatimes.com/2023/10/1/archivelist/year-2023,month-10,starttime-45200.cms","JCTSL set to adopt green policies for its offices, depots"
"1701353037-491","https://timesofindia.indiatimes.com/2023/10/1/archivelist/year-2023,month-10,starttime-45200.cms","Theft near Sai temple prompts police action"
"1701353037-492","https://timesofindia.indiatimes.com/2023/10/1/archivelist/year-2023,month-10,starttime-45200.cms","Felling of khejri trees: Memo given to SDO"
"1701353037-493","https://timesofindia.indiatimes.com/2023/10/1/archivelist/year-2023,month-10,starttime-45200.cms","Unrest in Walled City alleys over death of youth"
"1701353037-494","https://timesofindia.indiatimes.com/2023/10/1/archivelist/year-2023,month-10,starttime-45200.cms","Traders’ boycott of onion trade to continue in Nashik"
"1701353037-495","https://timesofindia.indiatimes.com/2023/10/1/archivelist/year-2023,month-10,starttime-45200.cms","Mayo Alumni Jaipur win Legends Cup"
"1701353037-496","https://timesofindia.indiatimes.com/2023/10/1/archivelist/year-2023,month-10,starttime-45200.cms","Teacher, on way to join job, killed along with brother in Dholpur"
"1701353037-497","https://timesofindia.indiatimes.com/2023/10/1/archivelist/year-2023,month-10,starttime-45200.cms","Speeding biker kills 55-yr-old woman"
"1701353037-498","https://timesofindia.indiatimes.com/2023/10/1/archivelist/year-2023,month-10,starttime-45200.cms","Adulterated diesel selling racket busted, four caught"
"1701353037-499","https://timesofindia.indiatimes.com/2023/10/1/archivelist/year-2023,month-10,starttime-45200.cms","Woman cop cons job seekers of 28L"
"1701353037-500","https://timesofindia.indiatimes.com/2023/10/1/archivelist/year-2023,month-10,starttime-45200.cms","NCR Prayagraj div gears up for cleanliness drive"
